ai_document,sim_to_orig,sim_to_wiki,difference,closer_to,top1_orig,top1_orig_sim,top1_wiki,top1_wiki_sim
1948_Andersen_Copilot_Powell_Die_roten_Schuhe.txt,0.3057,0.2778,0.0278,Originals,1837_Andersen_Original_Andersen_Die_Prinzessin_auf_der_Erbse.txt,0.396,1948_Andersen_Wikipedia_Powell_Die_roten_Schuhe.txt,0.72
1959_Andersen_Copilot_Hartmann_Das_Feuerzeug.txt,0.3012,0.2892,0.0119,Originals,1835_Andersen_Original_Andersen_Das_Feuerzeug.txt,0.579,1959_Andersen_Wikipedia_Hartmann_Das_Feuerzeug.txt,0.607
1953_Andersen_Copilot_Trebst_Die_Prinzessin_auf_der_Erbse.txt,0.3146,0.3277,-0.0131,Wikipedia,1837_Andersen_Original_Andersen_Die_Prinzessin_auf_der_Erbse.txt,0.55,1953_Andersen_Wikipedia_Trebst_Die_Prinzessin_auf_der_Erbse.txt,0.676
2006_Andersen_Copilot_Allers_Das_Mädchen_mit_den_Schwefelhölzern.txt,0.3025,0.3163,-0.0139,Wikipedia,1862_Andersen_Original_Andersen_Das_kleine_Mädchen_mit_den_Schwefelhölzern.txt,0.59,2006_Andersen_Wikipedia_Allers_Das_Mädchen_mit_den_Schwefelhölzern.txt,0.684
1977_Andersen_Copilot_Takashi_Die_wilden_Schwäne.txt,0.2458,0.2701,-0.0243,Wikipedia,1862_Andersen_Original_Andersen_Die_wilden_Schwäne.txt,0.442,1977_Andersen_Wikipedia_Takashi_Die_wilden_Schwäne.txt,0.662
1937_Andersen_Copilot_Marcus_The_Little_Match_Girl.txt,0.2917,0.3165,-0.0248,Wikipedia,1862_Andersen_Original_Andersen_Das_kleine_Mädchen_mit_den_Schwefelhölzern.txt,0.468,1937_Andersen_Wikipedia_Marcus_The_Little_Match_Girl.txt,0.691
1953_Andersen_Copilot_Surmann_Die_Prinzessin_und_der_Schweinehirt.txt,0.2879,0.3145,-0.0266,Wikipedia,1841_Andersen_Original_Andersen_Der_Schweinehirt.txt,0.581,1953_Andersen_Wikipedia_Surmann_Die_Prinzessin_und_der_Schweinehirt.txt,0.687
2010_Andersen_Copilot_Ungureit_Des_Kaisers_neue_Kleider.txt,0.2997,0.3268,-0.027,Wikipedia,1862_Andersen_Original_Andersen_Des_Kaisers_neue_Kleider.txt,0.619,2010_Andersen_Wikipedia_Ungureit_Des_Kaisers_neue_Kleider.txt,0.697
1916_Andersen_Copilot_Goetz_Streichhölzer_kauft_Streichhölzer.txt,0.2542,0.2827,-0.0285,Wikipedia,1862_Andersen_Original_Andersen_Des_Kaisers_neue_Kleider.txt,0.342,1916_Andersen_Wikipedia_Goetz_Streichhölzer_kauft_Streichhölzer.txt,0.729
1962_Andersen_Copilot_Ryss_Die_wilden_Schwäne.txt,0.2552,0.2848,-0.0295,Wikipedia,1862_Andersen_Original_Andersen_Die_wilden_Schwäne.txt,0.432,1962_Andersen_Wikipedia_Ryss_Die_wilden_Schwäne.txt,0.648
1939_Andersen_Copilot_Disney_Das_haessliche_Entlein.txt,0.2829,0.3134,-0.0305,Wikipedia,1862_Andersen_Original_Andersen_Das_hässliche_junge_Entlein.txt,0.489,1939_Andersen_Wikipedia_Disney_Das_hässliche_Entlein.txt,0.747
1961_Andersen_Copilot_Günther_Das_Kleid.txt,0.3043,0.3357,-0.0314,Wikipedia,1862_Andersen_Original_Andersen_Die_roten_Schuhe.txt,0.429,1990_Andersen_Wikipedia_Raza_Der_Reisekamerad.txt,0.742
1978_Andersen_Copilot_Oyabu_Däumelinchen.txt,0.2834,0.3158,-0.0323,Wikipedia,1835_Andersen_Original_Andersen_Däumelinchen.txt,0.638,1978_Andersen_Wikipedia_Oyabu_Däumelinchen.txt,0.693
1971_Andersen_Copilot_Küchenmeister_Der_kleine_und_der_große_Klaus.txt,0.2697,0.3052,-0.0355,Wikipedia,1835_Andersen_Original_Andersen_Der_kleine_Klaus_und_der_grosse_Klaus.txt,0.501,1971_Andersen_Wikipedia_Küchenmeister_Der_kleine_und_der_große_Klaus.txt,0.712
2017_Andersen_Copilot_Brinx_Der_Schweinehirt.txt,0.2615,0.3031,-0.0416,Wikipedia,1841_Andersen_Original_Andersen_Der_Schweinehirt.txt,0.466,2017_Andersen_Wikipedia_Brinx_Der_Schweinehirt.txt,0.764
1989_Andersen_Copilot_Hürtgen_Der_Tölpelhans.txt,0.2821,0.3282,-0.0461,Wikipedia,1837_Andersen_Original_Andersen_Die_Prinzessin_auf_der_Erbse.txt,0.453,1989_Andersen_Wikipedia_Hürtgen_Der_Tölpelhans.txt,0.766
1968_Andersen_Copilot_Dunski_Ein_uraltes_Märchen.txt,0.2394,0.2939,-0.0545,Wikipedia,1835_Andersen_Original_Andersen_Das_Feuerzeug.txt,0.454,1968_Andersen_Wikipedia_Dunski_Ein_uraltes_Märchen.txt,0.727
1990_Andersen_Copilot_Raza_Der_Reisekamerad.txt,0.3001,0.3564,-0.0562,Wikipedia,1862_Andersen_Original_Andersen_Die_roten_Schuhe.txt,0.445,1990_Andersen_Wikipedia_Raza_Der_Reisekamerad.txt,0.799
1995_Andersen_Copilot_Wincelberg_Pepolino_und_der_Schatz_der_Meerjungfrau.txt,0.2853,0.342,-0.0567,Wikipedia,1835_Andersen_Original_Andersen_Das_Feuerzeug.txt,0.385,1995_Andersen_Wikipedia_Wincelberg_Pepolino_und_der_Schwanz_der_Meerjungfrau.txt,0.828
1977_Andersen_Copilot_Mironer_Die_Prinzessin_auf_der_Erbse.txt,0.2497,0.3116,-0.0619,Wikipedia,1837_Andersen_Original_Andersen_Die_Prinzessin_auf_der_Erbse.txt,0.498,1977_Andersen_Wikipedia_Mironer_Die_Prinzessin_auf_der_Erbse.txt,0.748
1994_Andersen_Copilot_Fiedler_Des_Kaisers_neue_Kleider.txt,0.2832,0.3467,-0.0635,Wikipedia,1862_Andersen_Original_Andersen_Des_Kaisers_neue_Kleider.txt,0.56,1994_Andersen_Wikipedia_Fiedler_Des_Kaisers_neue_Kleider.txt,0.75
2013_Andersen_Copilot_Ungureit_Das_Mädchen_mit_den_Schwefelhölzern.txt,0.2516,0.3153,-0.0637,Wikipedia,1862_Andersen_Original_Andersen_Das_kleine_Mädchen_mit_den_Schwefelhölzern.txt,0.416,2013_Andersen_Wikipedia_Ungureit_Das_Mädchen_mit_den_Schwefelhölzern.txt,0.734
1987_Andersen_Copilot_Karis_Die_elf_Schwäne.txt,0.2615,0.3269,-0.0654,Wikipedia,1862_Andersen_Original_Andersen_Die_wilden_Schwäne.txt,0.534,1987_Andersen_Wikipedia_Karis_Die_elf_Schwäne.txt,0.777
1994_Andersen_Copilot_Bluth_Däumeline.txt,0.2316,0.2973,-0.0657,Wikipedia,1835_Andersen_Original_Andersen_Däumelinchen.txt,0.47,1994_Andersen_Wikipedia_Bluth_Däumeline.txt,0.662
1967_Andersen_Copilot_Schwarz_Die_Schneekönigin.txt,0.243,0.3155,-0.0725,Wikipedia,1844_Andersen_Original_Andersen_Die_Schneekönigin.txt,0.475,1967_Andersen_Wikipedia_Schwarz_Die_Schneekönigin.txt,0.718
2008_Andersen_Copilot_Miyazaki_Ponyo_Das_große_Abenteuer_am_Meer.txt,0.296,0.3687,-0.0727,Wikipedia,1837_Andersen_Original_Andersen_Die_kleine_Seejungfer.txt,0.364,2008_Andersen_Wikipedia_Miyazaki_Ponyo_Das_große_Abenteuer_am_Meer.txt,0.782
1987_Andersen_Copilot_Fleischer_Der_große_und_der_kleine_Klaus.txt,0.2762,0.3515,-0.0753,Wikipedia,1835_Andersen_Original_Andersen_Der_kleine_Klaus_und_der_grosse_Klaus.txt,0.523,1987_Andersen_Wikipedia_Fleischer_Der_kleine_und_der_große_Klaus.txt,0.8
1987_Andersen_Copilot_Burrell_Das_Mädchen_mit_den_Wunderhölzern.txt,0.2324,0.3132,-0.0808,Wikipedia,1862_Andersen_Original_Andersen_Des_Kaisers_neue_Kleider.txt,0.347,1987_Andersen_Wikipedia_Burrell_Das_Mädchen_mit_den_Wunderhölzern.txt,0.74
1976_Andersen_Copilot_Hofman_Die_kleine_Meerjungfrau.txt,0.2087,0.2902,-0.0815,Wikipedia,1837_Andersen_Original_Andersen_Die_kleine_Seejungfer.txt,0.428,1976_Andersen_Wikipedia_Hofman_Die_kleine_Meerjungfrau.txt,0.622
2005_Andersen_Copilot_Yong-gyun_The_Red_Shoes.txt,0.259,0.3432,-0.0842,Wikipedia,1862_Andersen_Original_Andersen_Die_roten_Schuhe.txt,0.417,2005_Andersen_Wikipedia_Yong-gyun_The_Red_Shoes.txt,0.722
2010_Andersen_Copilot_Jacob_Die_Prinzessin_auf_der_Erbse.txt,0.2363,0.3214,-0.0851,Wikipedia,1837_Andersen_Original_Andersen_Die_Prinzessin_auf_der_Erbse.txt,0.543,2010_Andersen_Wikipedia_Jacob_Die_Prinzessin_auf_der_Erbse.txt,0.763
2018_Andersen_Copilot_Brinx_Die_Galoschen_des_Glücks.txt,0.2365,0.3221,-0.0856,Wikipedia,1837_Andersen_Original_Andersen_Die_Prinzessin_auf_der_Erbse.txt,0.342,2018_Andersen_Wikipedia_Brinx_Die_Galoschen_des_Glücks.txt,0.767
1986_Andersen_Copilot_Hartzell_Die_Schneekönigin.txt,0.2467,0.3325,-0.0859,Wikipedia,1844_Andersen_Original_Andersen_Die_Schneekönigin.txt,0.403,1986_Andersen_Wikipedia_Hartzell_Die_Schneekönigin.txt,0.772
2002_Andersen_Copilot_Moore_Die_Schneekönigin.txt,0.2153,0.3033,-0.0879,Wikipedia,1837_Andersen_Original_Andersen_Die_Prinzessin_auf_der_Erbse.txt,0.356,2002_Andersen_Wikipedia_Moore_Die_Schneekönigin.txt,0.7
1989_Andersen_Copilot_Musker_Arielle.txt,0.2419,0.3378,-0.0959,Wikipedia,1837_Andersen_Original_Andersen_Die_kleine_Seejungfer.txt,0.352,1989_Andersen_Wikipedia_Musker_Arielle.txt,0.795
1980_Andersen_Copilot_Wolpin_Die_Nachtigall.txt,0.2589,0.3548,-0.0959,Wikipedia,1841_Andersen_Original_Andersen_Der_Schweinehirt.txt,0.365,1980_Andersen_Wikipedia_Wolpin_Die_Nachtigall.txt,0.801
1984_Andersen_Copilot_Ganz_Splash.txt,0.2252,0.322,-0.0968,Wikipedia,–,,1984_Andersen_Wikipedia_Ganz_Splash.txt,0.698
2013_Andersen_Copilot_Lee_Frozen_Die_Eiskönigin_völlig_unverfroren.txt,0.2473,0.3501,-0.1029,Wikipedia,–,,2013_Andersen_Wikipedia_Lee_Frozen_Die_Eiskönigin_völlig_unverfroren.txt,0.771
1986_Andersen_Copilot_Königsmark_Die_Galoschen_des_Glücks.txt,0.2489,0.3581,-0.1092,Wikipedia,1862_Andersen_Original_Andersen_Die_Galoschen_des_Glücks.txt,0.42,1986_Andersen_Wikipedia_Königsmark_Die_Galoschen_des_Glücks.txt,0.775
2014_Andersen_Copilot_Brinx_Die_Schneekönigin.txt,0.2328,0.3738,-0.1411,Wikipedia,1844_Andersen_Original_Andersen_Die_Schneekönigin.txt,0.489,2014_Andersen_Wikipedia_Brinx_Die_Schneekönigin.txt,0.744
