Emotion,Token,Frequency
neutral,'',627
neutral,``,593
neutral,sagte,435
neutral,kleine,257
neutral,„,241
neutral,“,239
neutral,prinzessin,220
neutral,gerda,196
neutral,konnte,180
neutral,klaus,162
neutral,wurde,156
neutral,sah,148
neutral,kleinen,140
neutral,—,140
neutral,ganz,127
neutral,ja,126
neutral,ging,126
neutral,wasser,122
neutral,prinz,119
neutral,gerade,118
neutral,mädchen,116
neutral,sehen,112
neutral,mehr,109
neutral,frau,106
neutral,kam,106
neutral,große,105
neutral,großen,105
neutral,sei,102
neutral,könig,101
neutral,alte,97
admiration,'',65
admiration,``,63
admiration,schön,45
admiration,schöne,35
admiration,prinzessin,33
admiration,sagte,28
admiration,konnte,26
admiration,sah,24
admiration,mädchen,23
admiration,ganz,22
admiration,gut,19
admiration,herrlich,16
admiration,prinz,15
admiration,kleine,15
admiration,sehen,15
admiration,frau,15
admiration,ja,15
admiration,hübsch,14
admiration,schöner,14
admiration,augen,14
admiration,niedlich,14
admiration,alte,13
admiration,sonne,12
admiration,schönen,12
admiration,schönheit,12
admiration,hand,12
admiration,wurde,12
admiration,kleinen,11
admiration,„,11
admiration,kaiser,11
surprise,``,10
surprise,'',8
surprise,oh,6
surprise,überrascht,5
surprise,unerwartet,4
surprise,essen,4
surprise,gott,4
surprise,hätte,4
surprise,müller,3
surprise,truhe,3
surprise,ofen,3
surprise,welt,3
surprise,wurde,3
surprise,müllerin,2
surprise,versteckt,2
surprise,hause,2
surprise,küster,2
surprise,neugier,2
surprise,heimweg,2
surprise,kaschemme,2
surprise,verwunderung,2
surprise,ganzen,2
surprise,kaiser,2
surprise,johann,2
surprise,prinz,2
surprise,prinzessin,2
surprise,nie,2
surprise,bekommen,2
surprise,seit,2
surprise,bum,2
curiosity,'',72
curiosity,``,58
curiosity,„,13
curiosity,“,13
curiosity,wohl,12
curiosity,hast,10
curiosity,prinzessin,8
curiosity,willst,7
curiosity,fragte,6
curiosity,bekommen,6
curiosity,sagte,5
curiosity,kleine,5
curiosity,wissen,4
curiosity,frage,4
curiosity,kay,4
curiosity,all,4
curiosity,neugierig,3
curiosity,gut,3
curiosity,schneekönigin,3
curiosity,weshalb,3
curiosity,tot,3
curiosity,mädchen,3
curiosity,glaubst,3
curiosity,wollt,3
curiosity,sehen,3
curiosity,krähe,3
curiosity,ja,3
curiosity,siehst,3
curiosity,geld,3
curiosity,feuerzeug,3
excitement,``,20
excitement,'',19
excitement,begeistert,9
excitement,ja,7
excitement,ganz,5
excitement,morgen,4
excitement,prinzessin,3
excitement,allerliebst,3
excitement,müller,2
excitement,geschenk,2
excitement,prinzen,2
excitement,geburtstag,2
excitement,gesehen,2
excitement,gut,2
excitement,erhalten,2
excitement,großen,2
excitement,o,2
excitement,wär,2
excitement,reich,2
excitement,welt,2
excitement,nächsten,2
excitement,alte,2
excitement,könig,2
excitement,sagte,2
excitement,heute,2
excitement,schöne,2
excitement,wissen,1
excitement,zauber,1
excitement,teufel,1
excitement,herbeizaubern,1
pride,stolz,3
pride,'',2
pride,hüh,2
pride,kleine,1
pride,klaus,1
pride,kehrt,1
pride,reicher,1
pride,mann,1
pride,zurück,1
pride,dieners,1
pride,diener,1
pride,burschen,1
pride,pantoffeln,1
pride,geht,1
pride,darf,1
pride,kaum,1
pride,anzusehen,1
pride,wagen,1
pride,steht,1
pride,tür,1
pride,imponire,1
pride,schnabel,1
pride,``,1
pride,witz,1
pride,werfen,1
pride,dach,1
pride,besteht,1
pride,muschelschalen,1
pride,öffnen,1
pride,schließen,1
anger,'',12
anger,``,10
anger,wütend,7
anger,klaus,6
anger,kleinen,4
anger,„,4
anger,“,4
anger,ganze,4
anger,pferde,3
anger,sack,3
anger,konnte,3
anger,großmutter,3
anger,hexe,3
anger,wurde,3
anger,hüh,2
anger,fluss,2
anger,macht,2
anger,schließlich,2
anger,bezahlen,2
anger,wächter,2
anger,pepolino,2
anger,hause,2
anger,gefesselt,2
anger,gerda,2
anger,mehr,2
anger,teufel,2
anger,kannst,2
anger,finden,2
anger,sollst,2
anger,kam,2
desire,'',12
desire,wünscht,6
desire,möchte,5
desire,prinzessin,5
desire,jan,5
desire,sehen,4
desire,gern,4
desire,``,4
desire,versteinerten,3
desire,männer,3
desire,wünsche,3
desire,abend,3
desire,sagte,3
desire,wünschte,3
desire,„,3
desire,“,3
desire,sohn,2
desire,schwestern,2
desire,student,2
desire,gehen,2
desire,galoschen,2
desire,bart,2
desire,bringen,2
desire,prinz,2
desire,ziel,2
desire,küssen,2
desire,glück,2
desire,leben,2
desire,augustin,2
desire,liebe,2
realization,'',16
realization,``,12
realization,erkannte,12
realization,sah,11
realization,mehr,9
realization,liebe,8
realization,leben,7
realization,—,7
realization,prinzessin,6
realization,–,6
realization,menschen,6
realization,tochter,5
realization,angst,5
realization,nie,5
realization,kam,5
realization,merkte,5
realization,sohn,4
realization,könig,4
realization,kaiser,4
realization,erkennen,4
realization,elsa,4
realization,herz,4
realization,gerda,4
realization,hätte,4
realization,reich,4
realization,ganz,4
realization,dachte,4
realization,elisa,4
realization,erkennt,3
realization,brüder,3
approval,'',40
approval,``,39
approval,ja,33
approval,sagte,11
approval,gut,7
approval,sicher,5
approval,ganz,5
approval,immer,5
approval,klaus,5
approval,geld,4
approval,vergnügen,4
approval,recht,4
approval,kleine,4
approval,mehr,3
approval,gehört,3
approval,wahr,3
approval,glauben,3
approval,schon,3
approval,sagen,3
approval,könig,2
approval,soldat,2
approval,lässt,2
approval,victoria,2
approval,richtige,2
approval,sagt,2
approval,fest,2
approval,akt,2
approval,liebe,2
approval,leuten,2
approval,sagten,2
gratitude,'',20
gratitude,``,15
gratitude,dank,10
gratitude,danke,7
gratitude,gott,6
gratitude,guten,5
gratitude,sagte,4
gratitude,kleine,3
gratitude,hexe,2
gratitude,zauberer,2
gratitude,magisches,2
gratitude,feuerzeug,2
gratitude,ging,2
gratitude,blumen,2
gratitude,klaren,2
gratitude,wasser,2
gratitude,abend,2
gratitude,morgen,2
gratitude,dankte,2
gratitude,ja,2
gratitude,klaus,2
gratitude,reich,2
gratitude,sei,2
gratitude,einst,2
gratitude,lieben,2
gratitude,danken,2
gratitude,tornister,1
gratitude,voll,1
gratitude,gold,1
gratitude,–,1
joy,freude,18
joy,lächelte,17
joy,'',16
joy,``,14
joy,glücklich,11
joy,prinzessin,9
joy,endlich,7
joy,ja,7
joy,gern,6
joy,immer,6
joy,kleine,6
joy,sagte,6
joy,glücklicher,6
joy,wäre,6
joy,hause,5
joy,mehr,5
joy,zeit,5
joy,lachte,5
joy,frau,5
joy,kinder,5
joy,sah,5
joy,könig,5
joy,„,5
joy,“,5
joy,—,5
joy,kleinen,4
joy,prinz,4
joy,eltern,4
joy,arme,4
joy,menschen,4
annoyance,``,34
annoyance,'',28
annoyance,böse,7
annoyance,sagte,6
annoyance,mädchen,5
annoyance,klaus,4
annoyance,sehen,4
annoyance,neue,4
annoyance,wurde,4
annoyance,menschen,4
annoyance,kümmerte,4
annoyance,hexe,3
annoyance,land,3
annoyance,gibt,3
annoyance,schwestern,3
annoyance,häßlich,3
annoyance,muß,3
annoyance,ärgerlich,3
annoyance,justizrath,3
annoyance,sagten,3
annoyance,immer,3
annoyance,darum,3
annoyance,meere,3
annoyance,tage,2
annoyance,mal,2
annoyance,großen,2
annoyance,pferd,2
annoyance,jedoch,2
annoyance,lässt,2
annoyance,schweinehirt,2
love,liebe,38
love,'',15
love,lieben,13
love,``,12
love,prinzessin,11
love,prinz,11
love,mädchen,11
love,“,8
love,verliebt,7
love,mehr,7
love,wurde,7
love,„,7
love,gott,7
love,evan,6
love,gerda,6
love,liebte,6
love,liebt,5
love,maria,5
love,künstliche,5
love,frau,5
love,schon,5
love,sagte,5
love,kleine,5
love,verliebte,5
love,ganz,4
love,sofort,4
love,–,4
love,königin,4
love,augustin,4
love,kuss,4
nervousness,essen,2
nervousness,kopfschmerzen,2
nervousness,kleine,1
nervousness,klaus,1
nervousness,bittet,1
nervousness,müller,1
nervousness,nachtlager,1
nervousness,empfängt,1
nervousness,krähe,1
nervousness,stand,1
nervousness,tür,1
nervousness,schlug,1
nervousness,flügeln,1
nervousness,kam,1
nervousness,litt,1
nervousness,seitdem,1
nervousness,feste,1
nervousness,anstellung,1
nervousness,zuviel,1
nervousness,erhalten,1
nervousness,fühlte,1
nervousness,müde,1
nervousness,nacken,1
nervousness,blut,1
nervousness,füße,1
nervousness,hinabgesunken,1
nervousness,angeschwollen,1
nervousness,stiefeln,1
nervousness,gedrückt,1
nervousness,wurden,1
sadness,arme,21
sadness,traurig,15
sadness,``,14
sadness,'',13
sadness,kleine,11
sadness,mädchen,10
sadness,herz,9
sadness,weinen,8
sadness,wurde,8
sadness,augen,7
sadness,konnte,7
sadness,weinte,7
sadness,vater,6
sadness,fühlte,6
sadness,prinz,6
sadness,ganz,5
sadness,könig,5
sadness,elisa,5
sadness,kleines,5
sadness,alte,5
sadness,wasser,5
sadness,stand,5
sadness,mehr,5
sadness,kam,5
sadness,herzen,5
sadness,gerade,4
sadness,prinzessin,4
sadness,–,4
sadness,allein,4
sadness,armes,4
caring,'',14
caring,``,8
caring,wohl,5
caring,herzen,4
caring,kleine,4
caring,lebe,4
caring,rettete,4
caring,helfen,3
caring,–,3
caring,gut,3
caring,recht,3
caring,welt,3
caring,muß,3
caring,herz,3
caring,nixe,2
caring,schon,2
caring,kleinen,2
caring,wasser,2
caring,schiff,2
caring,vogel,2
caring,gibt,2
caring,schwester,2
caring,ganzem,2
caring,mädchen,2
caring,acht,2
caring,galoschen,2
caring,vorsichtig,2
caring,sagte,2
caring,lebewohl,2
caring,kopf,2
fear,angst,13
fear,'',12
fear,sah,9
fear,erschrecklich,8
fear,ganz,8
fear,wurde,7
fear,``,7
fear,prinzessin,6
fear,nacht,6
fear,fürchtete,6
fear,hund,5
fear,entsetzt,4
fear,allein,4
fear,panik,4
fear,elsa,4
fear,bange,4
fear,schrecklich,4
fear,fürchte,4
fear,wasser,4
fear,nahm,4
fear,tag,3
fear,jan,3
fear,herz,3
fear,sorge,3
fear,ja,3
fear,herzen,3
fear,sei,3
fear,kleine,3
fear,gerade,3
fear,entsetzlich,3
disapproval,nein,20
disapproval,'',19
disapproval,``,16
disapproval,sagte,4
disapproval,nie,4
disapproval,laßt,3
disapproval,menschen,3
disapproval,beiden,2
disapproval,kaiser,2
disapproval,lassen,2
disapproval,allein,2
disapproval,niemand,2
disapproval,kleine,2
disapproval,gerda,2
disapproval,kleinen,2
disapproval,kay,2
disapproval,gar,2
disapproval,wohl,2
disapproval,sei,2
disapproval,mensch,2
disapproval,erste,2
disapproval,paar,2
disapproval,mochte,2
disapproval,wunsch,1
disapproval,erfüllt,1
disapproval,missfällt,1
disapproval,ungerechtigkeit,1
disapproval,land,1
disapproval,regiert,1
disapproval,allerdings,1
disappointment,``,6
disappointment,mädchen,5
disappointment,prinzessin,5
disappointment,enttäuschung,5
disappointment,nie,5
disappointment,enttäuscht,4
disappointment,hella,4
disappointment,verzweiflung,4
disappointment,tag,3
disappointment,leben,3
disappointment,tochter,3
disappointment,beide,3
disappointment,holting,3
disappointment,gar,3
disappointment,wäre,3
disappointment,gab,3
disappointment,konnte,3
disappointment,–,3
disappointment,erwartete,3
disappointment,—,3
disappointment,schuhe,3
disappointment,gelingt,2
disappointment,prinz,2
disappointment,arielle,2
disappointment,triton,2
disappointment,meer,2
disappointment,dabei,2
disappointment,erlebt,2
disappointment,graf,2
disappointment,einst,2
disgust,häßlich,11
disgust,'',8
disgust,``,7
disgust,entlein,5
disgust,konnte,4
disgust,groß,4
disgust,wagen,3
disgust,häßliche,3
disgust,prinzessin,3
disgust,blumen,3
disgust,wurde,3
disgust,verspottet,2
disgust,besten,2
disgust,menschen,2
disgust,wurden,2
disgust,kopfe,2
disgust,knaben,2
disgust,oft,2
disgust,brett,2
disgust,kleinen,2
disgust,kopf,2
disgust,sei,2
disgust,hinein,2
disgust,empfing,2
disgust,giftige,2
disgust,böse,2
disgust,wolle,2
disgust,thun,2
disgust,streckte,2
disgust,arme,2
optimism,'',6
optimism,hofft,4
optimism,hoffnung,4
optimism,prinzessin,3
optimism,gute,3
optimism,hoffte,3
optimism,schaffen,2
optimism,welt,2
optimism,paar,2
optimism,besser,2
optimism,herz,2
optimism,umstimmen,2
optimism,bekommen,2
optimism,``,2
optimism,dreihundert,2
optimism,unsterbliche,2
optimism,seele,2
optimism,hast,2
optimism,jahren,2
optimism,soldat,2
optimism,beide,1
optimism,endlich,1
optimism,kreation,1
optimism,zustande,1
optimism,bringen,1
optimism,kai,1
optimism,zwischenzeit,1
optimism,wort,1
optimism,„,1
optimism,ewigkeit,1
amusement,lachen,11
amusement,``,11
amusement,'',9
amusement,lachte,8
amusement,lustig,7
amusement,“,7
amusement,lachten,6
amusement,„,6
amusement,kleine,5
amusement,menschen,4
amusement,ganz,4
amusement,konnte,4
amusement,wurden,4
amusement,sah,4
amusement,volk,3
amusement,lachend,3
amusement,flogen,3
amusement,augen,3
amusement,ging,3
amusement,recht,3
amusement,sehen,3
amusement,kleinen,3
amusement,gab,3
amusement,laut,3
amusement,händen,3
amusement,—,3
amusement,kaiser,2
amusement,fenster,2
amusement,leeren,2
amusement,weit,2
embarrassment,beschämt,5
embarrassment,gut,3
embarrassment,kammerfrau,2
embarrassment,nächsten,2
embarrassment,tag,2
embarrassment,geld,2
embarrassment,frage,2
embarrassment,kleinen,2
embarrassment,mädchen,2
embarrassment,allein,2
embarrassment,welt,2
embarrassment,``,2
embarrassment,'',2
embarrassment,wäre,2
embarrassment,kopf,2
embarrassment,stolz,2
embarrassment,nie,2
embarrassment,kleine,2
embarrassment,stand,2
embarrassment,kaiser,1
embarrassment,erkennt,1
embarrassment,wahrheit,1
embarrassment,siegessichere,1
embarrassment,königspaar,1
embarrassment,markierte,1
embarrassment,tür,1
embarrassment,zeigen,1
embarrassment,jedoch,1
embarrassment,gerät,1
embarrassment,blamage,1
remorse,johann,1
remorse,blind,1
remorse,glück,1
remorse,unmittelbarer,1
remorse,nähe,1
remorse,erwartet,1
remorse,sieht,1
remorse,bedauern,1
remorse,beide,1
remorse,schuld,1
remorse,bezahlt,1
remorse,sagte,1
remorse,karen,1
remorse,``,1
remorse,sünde,1
remorse,bereuen,1
remorse,entlein,1
remorse,ging,1
remorse,schwamm,1
remorse,wasser,1
remorse,tauchte,1
remorse,thieren,1
remorse,wurde,1
remorse,wegen,1
remorse,häßlichkeit,1
remorse,übersehen,1
remorse,fanden,1
remorse,niedlich,1
remorse,bedauerten,1
remorse,häßlichen,1
confusion,'',12
confusion,``,11
confusion,niemand,3
confusion,wusste,3
confusion,darf,2
confusion,wohl,2
confusion,ganz,2
confusion,verwirrt,2
confusion,schon,2
confusion,mut,2
confusion,dachte,2
confusion,dumm,2
confusion,mann,2
confusion,„,2
confusion,“,2
confusion,weiß,1
confusion,nie,1
confusion,vorfallen,1
confusion,verstehe,1
confusion,bornholmisch,1
confusion,steht,1
confusion,lächerlich,1
confusion,frage,1
confusion,fragen,1
confusion,wem,1
confusion,vergnügen,1
confusion,sprechen,1
confusion,verfasser,1
confusion,augenblicklich,1
confusion,sowie,1
grief,glück,2
grief,bringen,2
grief,welt,2
grief,mehr,2
grief,“,2
grief,kurz,2
grief,darauf,2
grief,starb,2
grief,vater,2
grief,weißes,1
grief,huhn,1
grief,trug,1
grief,schlitten,1
grief,saß,1
grief,wagen,1
grief,schneekönigin,1
grief,gesagt,1
grief,dicht,1
grief,wald,1
grief,hinfuhr,1
grief,nest,1
grief,lagen,1
grief,blies,1
grief,junge,1
grief,außer,1
grief,beiden,1
grief,starben,1
grief,lässt.,1
grief,wucherer,1
grief,dorfes,1
relief,unruhe,1
relief,fühle,1
relief,gestillt,1
relief,gerda,1
relief,angst,1
relief,mehr,1
relief,warmes,1
relief,licht,1
relief,breitete,1
relief,dunkelheit,1
relief,zurückweichen,1
